{"alpha": 0.5, "Theta": [[0.596824328028287, 2.231714373709368e-06, 0.0], [0.0, 0.0, 0.6719591620930755], [0.40317567197167387, 0.4031696482104858, 0.0], [3.925784858765401e-14, 0.5968281200751405, 0.32804083790692457]], "ThetaB": [0.333331169890042, 2.829295138909224e-07, 5.839193198009862e-06, 0.666662707987246]}